Lucas,Silva,2008-03-15,lucas.silva,lucas123,true
Mariana,Souza,2009-07-02,mariana.souza,mari456,true
Pedro,Oliveira,2007-11-20,pedro.oliveira,pedro789,true
Ana,Carvalho,2008-05-08,ana.carvalho,ana2025,true
Rafaela,Pereira,2009-09-18,rafaela.pereira,rafaela321,true
Gustavo,Almeida,2007-12-30,gustavo.almeida,guga999,true
Beatriz,Costa,2008-02-25,beatriz.costa,bea555,true
Felipe,Santos,2009-01-12,felipe.santos,felipe777,true
João,Martins,2008-08-21,joao.martins,joao123,true
Camila,Ferreira,2007-10-05,camila.ferreira,camila654,true
